# Required | Unique route identifier.,# Required | Inventory availability status.,# Required | No field comment specified,# Required | No field comment specified,# Required | Three-letter IATA code for origin airport.,# Required | Three-letter IATA code for destination airport.,# Optional | A short; relevant description of the flight. Include specific or unique details. Use plain text and don't enter text in all capital letters. Character limit: 5;000.,# Optional | No field comment specified,# Optional | The URL for a video of your product. Link should be a videos file on a file hosting website; not a video player. Videos must be in a supported format (.3g2; .3gp; .3gpp; .asf; .avi; .dat; .divx; .dv; .f4v; .flv; .gif; .m2ts; .m4v; .mkv; .mod; .mov; .mp4; .mpe; .mpeg; .mpeg4; .mpg; .mts; .nsv; .ogm; .ogv; .qt; .tod; .ts; .vob or .wmv).,# Optional | The URL for a video of your product. Link should be a videos file on a file hosting website; not a video player. Videos must be in a supported format (.3g2; .3gp; .3gpp; .asf; .avi; .dat; .divx; .dv; .f4v; .flv; .gif; .m2ts; .m4v; .mkv; .mod; .mov; .mp4; .mpe; .mpeg; .mpeg4; .mpg; .mts; .nsv; .ogm; .ogv; .qt; .tod; .ts; .vob or .wmv).,# Optional | The URL of the specific page where people can view the flight.,"# Optional | The cost and currency of a one way flight. The price is a number followed by the 3-digit currency code (ISO 4217 standards). Use a period (""."") as the decimal point.",# Optional | Used by advertisers to mark priority of flight. Can be used to create product set of distressed flights,# Optional | No field comment specified,# Optional | No field comment specified,# Optional | No field comment specified,# Optional | No field comment specified,# Optional | No field comment specified,# Optional | No field comment specified,# Optional | No field comment specified,# Optional | No field comment specified,# Optional | No field comment specified,# Optional | No field comment specified,# Optional | No field comment specified,# Optional | No field comment specified,# Optional | No field comment specified,# Optional | No field comment specified,# Optional | No field comment specified,# Optional | No field comment specified,# Optional | No field comment specified,# Optional | No field comment specified,# Optional | No field comment specified,# Optional | No field comment specified,# Optional | No field comment specified,# Optional | No field comment specified,# Optional | No field comment specified,# Optional | No field comment specified,# Optional | No field comment specified,# Optional | Name of origin city.,# Optional | Name of destination city.,# Optional | Add labels to products to help filter them into product sets. Max characters: 110 per label; 5000 labels per product,# Optional | Add labels to products to help filter them into product sets. Max characters: 110 per label; 5000 labels per product,# Optional | Product priority score 0 assigned by advertiser for the item,# Optional | Product priority score 1 assigned by advertiser for the item,# Optional | Product priority score 2 assigned by advertiser for the item,# Optional | Product priority score 3 assigned by advertiser for the item,# Optional | Product priority score 4 assigned by advertiser for the item
id,availability,image[0].url,image[0].tag[0],origin_airport,destination_airport,description,price,video[0].url,video[0].tag[0],url,one_way_price,priority,custom_label_0,custom_label_1,custom_label_2,custom_label_3,custom_label_4,custom_number_0,custom_number_1,custom_number_2,custom_number_3,custom_number_4,applink.android_app_name,applink.android_package,applink.android_url,applink.ios_app_name,applink.ios_app_store_id,applink.ios_url,applink.ipad_app_name,applink.ipad_app_store_id,applink.ipad_url,applink.iphone_app_name,applink.iphone_app_store_id,applink.iphone_url,applink.windows_phone_app_id,applink.windows_phone_app_name,applink.windows_phone_url,origin_city,destination_city,product_tags[0],product_tags[1],product_priority_0,product_priority_1,product_priority_2,product_priority_3,product_priority_4
SGN-HAN,in stock,https://ductoamk.github.io/vietjet-ads/images/SGN-HAN.jpg?v=2,Vietjet,SGN,HAN,TP. Hồ Chí Minh đến Hà Nội,1813232.00 VND,,,https://www.vietjetair.com/vi/select-flight,1813232.00 VND,2,Domestic,Vietjet Air,5.000 SkyPoints,SGN-HAN,Popular,1160,997277,815955,120,1,Vietjet,com.vietjetair.vietjetair,vietjetair://flight?origin=SGN&destination=HAN,Vietjet,1488151528,vietjetair://flight?origin=SGN&destination=HAN,Vietjet,1488151528,vietjetair://flight?origin=SGN&destination=HAN,Vietjet,1488151528,vietjetair://flight?origin=SGN&destination=HAN,,,,TP. Hồ Chí Minh,Hà Nội,vietjet,domestic,1.0,1.0,1.0,1.0,1.0
SGN-DAD,in stock,https://ductoamk.github.io/vietjet-ads/images/SGN-DAD.jpg?v=2,Vietjet,SGN,DAD,TP. Hồ Chí Minh đến Đà Nẵng,1479206.00 VND,,,https://www.vietjetair.com/vi/select-flight,1479206.00 VND,2,Domestic,Vietjet Air,5.000 SkyPoints,SGN-DAD,Popular,600,813563,665643,80,1,Vietjet,com.vietjetair.vietjetair,vietjetair://flight?origin=SGN&destination=DAD,Vietjet,1488151528,vietjetair://flight?origin=SGN&destination=DAD,Vietjet,1488151528,vietjetair://flight?origin=SGN&destination=DAD,Vietjet,1488151528,vietjetair://flight?origin=SGN&destination=DAD,,,,TP. Hồ Chí Minh,Đà Nẵng,vietjet,domestic,1.0,1.0,1.0,1.0,1.0
SGN-CXR,in stock,https://ductoamk.github.io/vietjet-ads/images/SGN-CXR.jpg?v=2,Vietjet,SGN,CXR,TP. Hồ Chí Minh đến Nha Trang,1241256.00 VND,,,https://www.vietjetair.com/vi/select-flight,1241256.00 VND,2,Domestic,Vietjet Air,2.500 SkyPoints,SGN-CXR,Promo,340,682690,558566,72,1,Vietjet,com.vietjetair.vietjetair,vietjetair://flight?origin=SGN&destination=CXR,Vietjet,1488151528,vietjetair://flight?origin=SGN&destination=CXR,Vietjet,1488151528,vietjetair://flight?origin=SGN&destination=CXR,Vietjet,1488151528,vietjetair://flight?origin=SGN&destination=CXR,,,,TP. Hồ Chí Minh,Nha Trang,vietjet,domestic,1.0,1.0,1.0,1.0,1.0
SGN-PQC,in stock,https://ductoamk.github.io/vietjet-ads/images/SGN-PQC.jpg?v=2,Vietjet,SGN,PQC,TP. Hồ Chí Minh đến Phú Quốc,920825.00 VND,,,https://www.vietjetair.com/vi/select-flight,920825.00 VND,2,Domestic,Vietjet Air,2.500 SkyPoints,SGN-PQC,Popular,405,506453,414372,72,1,Vietjet,com.vietjetair.vietjetair,vietjetair://flight?origin=SGN&destination=PQC,Vietjet,1488151528,vietjetair://flight?origin=SGN&destination=PQC,Vietjet,1488151528,vietjetair://flight?origin=SGN&destination=PQC,Vietjet,1488151528,vietjetair://flight?origin=SGN&destination=PQC,,,,TP. Hồ Chí Minh,Phú Quốc,vietjet,domestic,1.0,1.0,1.0,1.0,1.0
SGN-HPH,in stock,https://ductoamk.github.io/vietjet-ads/images/SGN-HPH.jpg?v=2,Vietjet,SGN,HPH,TP. Hồ Chí Minh đến Hải Phòng,1253541.00 VND,,,https://www.vietjetair.com/vi/select-flight,1253541.00 VND,2,Domestic,Vietjet Air,5.000 SkyPoints,SGN-HPH,Popular,716,689447,564094,89,1,Vietjet,com.vietjetair.vietjetair,vietjetair://flight?origin=SGN&destination=HPH,Vietjet,1488151528,vietjetair://flight?origin=SGN&destination=HPH,Vietjet,1488151528,vietjetair://flight?origin=SGN&destination=HPH,Vietjet,1488151528,vietjetair://flight?origin=SGN&destination=HPH,,,,TP. Hồ Chí Minh,Hải Phòng,vietjet,domestic,1.0,1.0,1.0,1.0,1.0
SGN-VII,in stock,https://ductoamk.github.io/vietjet-ads/images/SGN-VII.jpg?v=2,Vietjet,SGN,VII,TP. Hồ Chí Minh đến Vinh,1215077.00 VND,,,https://www.vietjetair.com/vi/select-flight,1215077.00 VND,2,Domestic,Vietjet Air,5.000 SkyPoints,SGN-VII,Promo,481,668292,546785,76,1,Vietjet,com.vietjetair.vietjetair,vietjetair://flight?origin=SGN&destination=VII,Vietjet,1488151528,vietjetair://flight?origin=SGN&destination=VII,Vietjet,1488151528,vietjetair://flight?origin=SGN&destination=VII,Vietjet,1488151528,vietjetair://flight?origin=SGN&destination=VII,,,,TP. Hồ Chí Minh,Vinh,vietjet,domestic,1.0,1.0,1.0,1.0,1.0
SGN-HUI,in stock,https://ductoamk.github.io/vietjet-ads/images/SGN-HUI.jpg?v=2,Vietjet,SGN,HUI,TP. Hồ Chí Minh đến Huế,1176171.00 VND,,,https://www.vietjetair.com/vi/select-flight,1176171.00 VND,2,Domestic,Vietjet Air,5.000 SkyPoints,SGN-HUI,Popular,640,646894,529277,100,1,Vietjet,com.vietjetair.vietjetair,vietjetair://flight?origin=SGN&destination=HUI,Vietjet,1488151528,vietjetair://flight?origin=SGN&destination=HUI,Vietjet,1488151528,vietjetair://flight?origin=SGN&destination=HUI,Vietjet,1488151528,vietjetair://flight?origin=SGN&destination=HUI,,,,TP. Hồ Chí Minh,Huế,vietjet,domestic,1.0,1.0,1.0,1.0,1.0
SGN-UIH,in stock,https://ductoamk.github.io/vietjet-ads/images/SGN-UIH.jpg?v=2,Vietjet,SGN,UIH,TP. Hồ Chí Minh đến Quy Nhơn,1210602.00 VND,,,https://www.vietjetair.com/vi/select-flight,1210602.00 VND,2,Domestic,Vietjet Air,5.000 SkyPoints,SGN-UIH,Promo,554,665831,544771,67,1,Vietjet,com.vietjetair.vietjetair,vietjetair://flight?origin=SGN&destination=UIH,Vietjet,1488151528,vietjetair://flight?origin=SGN&destination=UIH,Vietjet,1488151528,vietjetair://flight?origin=SGN&destination=UIH,Vietjet,1488151528,vietjetair://flight?origin=SGN&destination=UIH,,,,TP. Hồ Chí Minh,Quy Nhơn,vietjet,domestic,1.0,1.0,1.0,1.0,1.0
SGN-BMV,in stock,https://ductoamk.github.io/vietjet-ads/images/SGN-BMV.jpg?v=2,Vietjet,SGN,BMV,TP. Hồ Chí Minh đến Buôn Ma Thuột,1157671.00 VND,,,https://www.vietjetair.com/vi/select-flight,1157671.00 VND,2,Domestic,Vietjet Air,2.500 SkyPoints,SGN-BMV,Popular,410,636719,520952,74,1,Vietjet,com.vietjetair.vietjetair,vietjetair://flight?origin=SGN&destination=BMV,Vietjet,1488151528,vietjetair://flight?origin=SGN&destination=BMV,Vietjet,1488151528,vietjetair://flight?origin=SGN&destination=BMV,Vietjet,1488151528,vietjetair://flight?origin=SGN&destination=BMV,,,,TP. Hồ Chí Minh,Buôn Ma Thuột,vietjet,domestic,1.0,1.0,1.0,1.0,1.0
SGN-PXU,in stock,https://ductoamk.github.io/vietjet-ads/images/SGN-PXU.jpg?v=2,Vietjet,SGN,PXU,TP. Hồ Chí Minh đến Pleiku,1240150.00 VND,,,https://www.vietjetair.com/vi/select-flight,1240150.00 VND,2,Domestic,Vietjet Air,2.500 SkyPoints,SGN-PXU,Promo,781,682082,558068,64,1,Vietjet,com.vietjetair.vietjetair,vietjetair://flight?origin=SGN&destination=PXU,Vietjet,1488151528,vietjetair://flight?origin=SGN&destination=PXU,Vietjet,1488151528,vietjetair://flight?origin=SGN&destination=PXU,Vietjet,1488151528,vietjetair://flight?origin=SGN&destination=PXU,,,,TP. Hồ Chí Minh,Pleiku,vietjet,domestic,1.0,1.0,1.0,1.0,1.0
SGN-VCL,in stock,https://ductoamk.github.io/vietjet-ads/images/SGN-VCL.jpg?v=2,Vietjet,SGN,VCL,TP. Hồ Chí Minh đến Chu Lai,1271533.00 VND,,,https://www.vietjetair.com/vi/select-flight,1271533.00 VND,2,Domestic,Vietjet Air,5.000 SkyPoints,SGN-VCL,Popular,771,699343,572190,72,1,Vietjet,com.vietjetair.vietjetair,vietjetair://flight?origin=SGN&destination=VCL,Vietjet,1488151528,vietjetair://flight?origin=SGN&destination=VCL,Vietjet,1488151528,vietjetair://flight?origin=SGN&destination=VCL,Vietjet,1488151528,vietjetair://flight?origin=SGN&destination=VCL,,,,TP. Hồ Chí Minh,Chu Lai,vietjet,domestic,1.0,1.0,1.0,1.0,1.0
SGN-TBB,in stock,https://ductoamk.github.io/vietjet-ads/images/SGN-TBB.jpg?v=2,Vietjet,SGN,TBB,TP. Hồ Chí Minh đến Tuy Hòa,1206990.00 VND,,,https://www.vietjetair.com/vi/select-flight,1206990.00 VND,2,Domestic,Vietjet Air,2.500 SkyPoints,SGN-TBB,Promo,533,663844,543146,64,1,Vietjet,com.vietjetair.vietjetair,vietjetair://flight?origin=SGN&destination=TBB,Vietjet,1488151528,vietjetair://flight?origin=SGN&destination=TBB,Vietjet,1488151528,vietjetair://flight?origin=SGN&destination=TBB,Vietjet,1488151528,vietjetair://flight?origin=SGN&destination=TBB,,,,TP. Hồ Chí Minh,Tuy Hòa,vietjet,domestic,1.0,1.0,1.0,1.0,1.0
SGN-VDO,in stock,https://ductoamk.github.io/vietjet-ads/images/SGN-VDO.jpg?v=2,Vietjet,SGN,VDO,TP. Hồ Chí Minh đến Vân Đồn,891255.00 VND,,,https://www.vietjetair.com/vi/select-flight,891255.00 VND,2,Domestic,Vietjet Air,7.000 SkyPoints,SGN-VDO,Promo,708,490190,401065,71,1,Vietjet,com.vietjetair.vietjetair,vietjetair://flight?origin=SGN&destination=VDO,Vietjet,1488151528,vietjetair://flight?origin=SGN&destination=VDO,Vietjet,1488151528,vietjetair://flight?origin=SGN&destination=VDO,Vietjet,1488151528,vietjetair://flight?origin=SGN&destination=VDO,,,,TP. Hồ Chí Minh,Vân Đồn,vietjet,domestic,1.0,1.0,1.0,1.0,1.0
SGN-THD,in stock,https://ductoamk.github.io/vietjet-ads/images/SGN-THD.jpg?v=2,Vietjet,SGN,THD,TP. Hồ Chí Minh đến Thanh Hóa,826396.00 VND,,,https://www.vietjetair.com/vi/select-flight,826396.00 VND,2,Domestic,Vietjet Air,5.000 SkyPoints,SGN-THD,Popular,585,454517,371879,72,1,Vietjet,com.vietjetair.vietjetair,vietjetair://flight?origin=SGN&destination=THD,Vietjet,1488151528,vietjetair://flight?origin=SGN&destination=THD,Vietjet,1488151528,vietjetair://flight?origin=SGN&destination=THD,Vietjet,1488151528,vietjetair://flight?origin=SGN&destination=THD,,,,TP. Hồ Chí Minh,Thanh Hóa,vietjet,domestic,1.0,1.0,1.0,1.0,1.0
SGN-VDH,in stock,https://ductoamk.github.io/vietjet-ads/images/SGN-VDH.jpg?v=2,Vietjet,SGN,VDH,TP. Hồ Chí Minh đến Đồng Hới,999546.00 VND,,,https://www.vietjetair.com/vi/select-flight,999546.00 VND,2,Domestic,Vietjet Air,5.000 SkyPoints,SGN-VDH,Popular,849,549750,449796,71,1,Vietjet,com.vietjetair.vietjetair,vietjetair://flight?origin=SGN&destination=VDH,Vietjet,1488151528,vietjetair://flight?origin=SGN&destination=VDH,Vietjet,1488151528,vietjetair://flight?origin=SGN&destination=VDH,Vietjet,1488151528,vietjetair://flight?origin=SGN&destination=VDH,,,,TP. Hồ Chí Minh,Đồng Hới,vietjet,domestic,1.0,1.0,1.0,1.0,1.0
HAN-SGN,in stock,https://ductoamk.github.io/vietjet-ads/images/HAN-SGN.jpg?v=2,Vietjet,HAN,SGN,Hà Nội đến TP. Hồ Chí Minh,2026265.00 VND,,,https://www.vietjetair.com/vi/select-flight,2026265.00 VND,1,Domestic,Vietjet Air,5.000 SkyPoints,HAN-SGN,Promo,1160,1114445,911820,120,1,Vietjet,com.vietjetair.vietjetair,vietjetair://flight?origin=HAN&destination=SGN,Vietjet,1488151528,vietjetair://flight?origin=HAN&destination=SGN,Vietjet,1488151528,vietjetair://flight?origin=HAN&destination=SGN,Vietjet,1488151528,vietjetair://flight?origin=HAN&destination=SGN,,,,Hà Nội,TP. Hồ Chí Minh,vietjet,domestic,1.0,1.0,1.0,1.0,1.0
HAN-DAD,in stock,https://ductoamk.github.io/vietjet-ads/images/HAN-DAD.jpg?v=2,Vietjet,HAN,DAD,Hà Nội đến Đà Nẵng,1461599.00 VND,,,https://www.vietjetair.com/vi/select-flight,1461599.00 VND,2,Domestic,Vietjet Air,5.000 SkyPoints,HAN-DAD,Popular,600,803879,657720,80,1,Vietjet,com.vietjetair.vietjetair,vietjetair://flight?origin=HAN&destination=DAD,Vietjet,1488151528,vietjetair://flight?origin=HAN&destination=DAD,Vietjet,1488151528,vietjetair://flight?origin=HAN&destination=DAD,Vietjet,1488151528,vietjetair://flight?origin=HAN&destination=DAD,,,,Hà Nội,Đà Nẵng,vietjet,domestic,1.0,1.0,1.0,1.0,1.0
HAN-CXR,in stock,https://ductoamk.github.io/vietjet-ads/images/HAN-CXR.jpg?v=2,Vietjet,HAN,CXR,Hà Nội đến Nha Trang,923547.00 VND,,,https://www.vietjetair.com/vi/select-flight,923547.00 VND,2,Domestic,Vietjet Air,5.000 SkyPoints,HAN-CXR,Popular,345,507950,415597,95,1,Vietjet,com.vietjetair.vietjetair,vietjetair://flight?origin=HAN&destination=CXR,Vietjet,1488151528,vietjetair://flight?origin=HAN&destination=CXR,Vietjet,1488151528,vietjetair://flight?origin=HAN&destination=CXR,Vietjet,1488151528,vietjetair://flight?origin=HAN&destination=CXR,,,,Hà Nội,Nha Trang,vietjet,domestic,1.0,1.0,1.0,1.0,1.0
HAN-PQC,in stock,https://ductoamk.github.io/vietjet-ads/images/HAN-PQC.jpg?v=2,Vietjet,HAN,PQC,Hà Nội đến Phú Quốc,1062587.00 VND,,,https://www.vietjetair.com/vi/select-flight,1062587.00 VND,2,Domestic,Vietjet Air,7.000 SkyPoints,HAN-PQC,Popular,851,584422,478165,93,1,Vietjet,com.vietjetair.vietjetair,vietjetair://flight?origin=HAN&destination=PQC,Vietjet,1488151528,vietjetair://flight?origin=HAN&destination=PQC,Vietjet,1488151528,vietjetair://flight?origin=HAN&destination=PQC,Vietjet,1488151528,vietjetair://flight?origin=HAN&destination=PQC,,,,Hà Nội,Phú Quốc,vietjet,domestic,1.0,1.0,1.0,1.0,1.0
HAN-VCA,in stock,https://ductoamk.github.io/vietjet-ads/images/HAN-VCA.jpg?v=2,Vietjet,HAN,VCA,Hà Nội đến Cần Thơ,1287483.00 VND,,,https://www.vietjetair.com/vi/select-flight,1287483.00 VND,2,Domestic,Vietjet Air,7.000 SkyPoints,HAN-VCA,Popular,638,708115,579368,89,1,Vietjet,com.vietjetair.vietjetair,vietjetair://flight?origin=HAN&destination=VCA,Vietjet,1488151528,vietjetair://flight?origin=HAN&destination=VCA,Vietjet,1488151528,vietjetair://flight?origin=HAN&destination=VCA,Vietjet,1488151528,vietjetair://flight?origin=HAN&destination=VCA,,,,Hà Nội,Cần Thơ,vietjet,domestic,1.0,1.0,1.0,1.0,1.0
HAN-HUI,in stock,https://ductoamk.github.io/vietjet-ads/images/HAN-HUI.jpg?v=2,Vietjet,HAN,HUI,Hà Nội đến Huế,1055878.00 VND,,,https://www.vietjetair.com/vi/select-flight,1055878.00 VND,2,Domestic,Vietjet Air,5.000 SkyPoints,HAN-HUI,Popular,616,580732,475146,92,1,Vietjet,com.vietjetair.vietjetair,vietjetair://flight?origin=HAN&destination=HUI,Vietjet,1488151528,vietjetair://flight?origin=HAN&destination=HUI,Vietjet,1488151528,vietjetair://flight?origin=HAN&destination=HUI,Vietjet,1488151528,vietjetair://flight?origin=HAN&destination=HUI,,,,Hà Nội,Huế,vietjet,domestic,1.0,1.0,1.0,1.0,1.0
HAN-UIH,in stock,https://ductoamk.github.io/vietjet-ads/images/HAN-UIH.jpg?v=2,Vietjet,HAN,UIH,Hà Nội đến Quy Nhơn,1000973.00 VND,,,https://www.vietjetair.com/vi/select-flight,1000973.00 VND,2,Domestic,Vietjet Air,5.000 SkyPoints,HAN-UIH,Promo,602,550535,450438,85,1,Vietjet,com.vietjetair.vietjetair,vietjetair://flight?origin=HAN&destination=UIH,Vietjet,1488151528,vietjetair://flight?origin=HAN&destination=UIH,Vietjet,1488151528,vietjetair://flight?origin=HAN&destination=UIH,Vietjet,1488151528,vietjetair://flight?origin=HAN&destination=UIH,,,,Hà Nội,Quy Nhơn,vietjet,domestic,1.0,1.0,1.0,1.0,1.0
HAN-BMV,in stock,https://ductoamk.github.io/vietjet-ads/images/HAN-BMV.jpg?v=2,Vietjet,HAN,BMV,Hà Nội đến Buôn Ma Thuột,1010434.00 VND,,,https://www.vietjetair.com/vi/select-flight,1010434.00 VND,2,Domestic,Vietjet Air,5.000 SkyPoints,HAN-BMV,Popular,688,555738,454696,93,1,Vietjet,com.vietjetair.vietjetair,vietjetair://flight?origin=HAN&destination=BMV,Vietjet,1488151528,vietjetair://flight?origin=HAN&destination=BMV,Vietjet,1488151528,vietjetair://flight?origin=HAN&destination=BMV,Vietjet,1488151528,vietjetair://flight?origin=HAN&destination=BMV,,,,Hà Nội,Buôn Ma Thuột,vietjet,domestic,1.0,1.0,1.0,1.0,1.0
HAN-PXU,in stock,https://ductoamk.github.io/vietjet-ads/images/HAN-PXU.jpg?v=2,Vietjet,HAN,PXU,Hà Nội đến Pleiku,881240.00 VND,,,https://www.vietjetair.com/vi/select-flight,881240.00 VND,2,Domestic,Vietjet Air,5.000 SkyPoints,HAN-PXU,Popular,882,484682,396558,69,1,Vietjet,com.vietjetair.vietjetair,vietjetair://flight?origin=HAN&destination=PXU,Vietjet,1488151528,vietjetair://flight?origin=HAN&destination=PXU,Vietjet,1488151528,vietjetair://flight?origin=HAN&destination=PXU,Vietjet,1488151528,vietjetair://flight?origin=HAN&destination=PXU,,,,Hà Nội,Pleiku,vietjet,domestic,1.0,1.0,1.0,1.0,1.0
HAN-TBB,in stock,https://ductoamk.github.io/vietjet-ads/images/HAN-TBB.jpg?v=2,Vietjet,HAN,TBB,Hà Nội đến Tuy Hòa,1015385.00 VND,,,https://www.vietjetair.com/vi/select-flight,1015385.00 VND,2,Domestic,Vietjet Air,5.000 SkyPoints,HAN-TBB,Popular,893,558461,456924,88,1,Vietjet,com.vietjetair.vietjetair,vietjetair://flight?origin=HAN&destination=TBB,Vietjet,1488151528,vietjetair://flight?origin=HAN&destination=TBB,Vietjet,1488151528,vietjetair://flight?origin=HAN&destination=TBB,Vietjet,1488151528,vietjetair://flight?origin=HAN&destination=TBB,,,,Hà Nội,Tuy Hòa,vietjet,domestic,1.0,1.0,1.0,1.0,1.0
HAN-VDH,in stock,https://ductoamk.github.io/vietjet-ads/images/HAN-VDH.jpg?v=2,Vietjet,HAN,VDH,Hà Nội đến Đồng Hới,1207346.00 VND,,,https://www.vietjetair.com/vi/select-flight,1207346.00 VND,2,Domestic,Vietjet Air,2.500 SkyPoints,HAN-VDH,Promo,473,664040,543306,92,1,Vietjet,com.vietjetair.vietjetair,vietjetair://flight?origin=HAN&destination=VDH,Vietjet,1488151528,vietjetair://flight?origin=HAN&destination=VDH,Vietjet,1488151528,vietjetair://flight?origin=HAN&destination=VDH,Vietjet,1488151528,vietjetair://flight?origin=HAN&destination=VDH,,,,Hà Nội,Đồng Hới,vietjet,domestic,1.0,1.0,1.0,1.0,1.0
DAD-SGN,in stock,https://ductoamk.github.io/vietjet-ads/images/DAD-SGN.jpg?v=2,Vietjet,DAD,SGN,Đà Nẵng đến TP. Hồ Chí Minh,1118368.00 VND,,,https://www.vietjetair.com/vi/select-flight,1118368.00 VND,2,Domestic,Vietjet Air,5.000 SkyPoints,DAD-SGN,Popular,600,615102,503266,80,1,Vietjet,com.vietjetair.vietjetair,vietjetair://flight?origin=DAD&destination=SGN,Vietjet,1488151528,vietjetair://flight?origin=DAD&destination=SGN,Vietjet,1488151528,vietjetair://flight?origin=DAD&destination=SGN,Vietjet,1488151528,vietjetair://flight?origin=DAD&destination=SGN,,,,Đà Nẵng,TP. Hồ Chí Minh,vietjet,domestic,1.0,1.0,1.0,1.0,1.0
DAD-HAN,in stock,https://ductoamk.github.io/vietjet-ads/images/DAD-HAN.jpg?v=2,Vietjet,DAD,HAN,Đà Nẵng đến Hà Nội,1310483.00 VND,,,https://www.vietjetair.com/vi/select-flight,1310483.00 VND,2,Domestic,Vietjet Air,5.000 SkyPoints,DAD-HAN,Popular,600,720765,589718,80,1,Vietjet,com.vietjetair.vietjetair,vietjetair://flight?origin=DAD&destination=HAN,Vietjet,1488151528,vietjetair://flight?origin=DAD&destination=HAN,Vietjet,1488151528,vietjetair://flight?origin=DAD&destination=HAN,Vietjet,1488151528,vietjetair://flight?origin=DAD&destination=HAN,,,,Đà Nẵng,Hà Nội,vietjet,domestic,1.0,1.0,1.0,1.0,1.0
DAD-CXR,in stock,https://ductoamk.github.io/vietjet-ads/images/DAD-CXR.jpg?v=2,Vietjet,DAD,CXR,Đà Nẵng đến Nha Trang,828182.00 VND,,,https://www.vietjetair.com/vi/select-flight,828182.00 VND,2,Domestic,Vietjet Air,5.000 SkyPoints,DAD-CXR,Popular,766,455500,372682,76,1,Vietjet,com.vietjetair.vietjetair,vietjetair://flight?origin=DAD&destination=CXR,Vietjet,1488151528,vietjetair://flight?origin=DAD&destination=CXR,Vietjet,1488151528,vietjetair://flight?origin=DAD&destination=CXR,Vietjet,1488151528,vietjetair://flight?origin=DAD&destination=CXR,,,,Đà Nẵng,Nha Trang,vietjet,domestic,1.0,1.0,1.0,1.0,1.0
DAD-PQC,in stock,https://ductoamk.github.io/vietjet-ads/images/DAD-PQC.jpg?v=2,Vietjet,DAD,PQC,Đà Nẵng đến Phú Quốc,1091817.00 VND,,,https://www.vietjetair.com/vi/select-flight,1091817.00 VND,2,Domestic,Vietjet Air,5.000 SkyPoints,DAD-PQC,Popular,499,600499,491318,95,1,Vietjet,com.vietjetair.vietjetair,vietjetair://flight?origin=DAD&destination=PQC,Vietjet,1488151528,vietjetair://flight?origin=DAD&destination=PQC,Vietjet,1488151528,vietjetair://flight?origin=DAD&destination=PQC,Vietjet,1488151528,vietjetair://flight?origin=DAD&destination=PQC,,,,Đà Nẵng,Phú Quốc,vietjet,domestic,1.0,1.0,1.0,1.0,1.0
DAD-HPH,in stock,https://ductoamk.github.io/vietjet-ads/images/DAD-HPH.jpg?v=2,Vietjet,DAD,HPH,Đà Nẵng đến Hải Phòng,1049196.00 VND,,,https://www.vietjetair.com/vi/select-flight,1049196.00 VND,2,Domestic,Vietjet Air,5.000 SkyPoints,DAD-HPH,Promo,709,577057,472139,65,1,Vietjet,com.vietjetair.vietjetair,vietjetair://flight?origin=DAD&destination=HPH,Vietjet,1488151528,vietjetair://flight?origin=DAD&destination=HPH,Vietjet,1488151528,vietjetair://flight?origin=DAD&destination=HPH,Vietjet,1488151528,vietjetair://flight?origin=DAD&destination=HPH,,,,Đà Nẵng,Hải Phòng,vietjet,domestic,1.0,1.0,1.0,1.0,1.0
DAD-VCA,in stock,https://ductoamk.github.io/vietjet-ads/images/DAD-VCA.jpg?v=2,Vietjet,DAD,VCA,Đà Nẵng đến Cần Thơ,1150512.00 VND,,,https://www.vietjetair.com/vi/select-flight,1150512.00 VND,2,Domestic,Vietjet Air,5.000 SkyPoints,DAD-VCA,Popular,305,632781,517731,98,1,Vietjet,com.vietjetair.vietjetair,vietjetair://flight?origin=DAD&destination=VCA,Vietjet,1488151528,vietjetair://flight?origin=DAD&destination=VCA,Vietjet,1488151528,vietjetair://flight?origin=DAD&destination=VCA,Vietjet,1488151528,vietjetair://flight?origin=DAD&destination=VCA,,,,Đà Nẵng,Cần Thơ,vietjet,domestic,1.0,1.0,1.0,1.0,1.0
CXR-SGN,in stock,https://ductoamk.github.io/vietjet-ads/images/CXR-SGN.jpg?v=2,Vietjet,CXR,SGN,Nha Trang đến TP. Hồ Chí Minh,902172.00 VND,,,https://www.vietjetair.com/vi/select-flight,902172.00 VND,2,Domestic,Vietjet Air,2.500 SkyPoints,CXR-SGN,Popular,365,496194,405978,76,1,Vietjet,com.vietjetair.vietjetair,vietjetair://flight?origin=CXR&destination=SGN,Vietjet,1488151528,vietjetair://flight?origin=CXR&destination=SGN,Vietjet,1488151528,vietjetair://flight?origin=CXR&destination=SGN,Vietjet,1488151528,vietjetair://flight?origin=CXR&destination=SGN,,,,Nha Trang,TP. Hồ Chí Minh,vietjet,domestic,1.0,1.0,1.0,1.0,1.0
CXR-HAN,in stock,https://ductoamk.github.io/vietjet-ads/images/CXR-HAN.jpg?v=2,Vietjet,CXR,HAN,Nha Trang đến Hà Nội,1074484.00 VND,,,https://www.vietjetair.com/vi/select-flight,1074484.00 VND,2,Domestic,Vietjet Air,5.000 SkyPoints,CXR-HAN,Promo,777,590966,483518,76,1,Vietjet,com.vietjetair.vietjetair,vietjetair://flight?origin=CXR&destination=HAN,Vietjet,1488151528,vietjetair://flight?origin=CXR&destination=HAN,Vietjet,1488151528,vietjetair://flight?origin=CXR&destination=HAN,Vietjet,1488151528,vietjetair://flight?origin=CXR&destination=HAN,,,,Nha Trang,Hà Nội,vietjet,domestic,1.0,1.0,1.0,1.0,1.0
CXR-DAD,in stock,https://ductoamk.github.io/vietjet-ads/images/CXR-DAD.jpg?v=2,Vietjet,CXR,DAD,Nha Trang đến Đà Nẵng,1226674.00 VND,,,https://www.vietjetair.com/vi/select-flight,1226674.00 VND,2,Domestic,Vietjet Air,5.000 SkyPoints,CXR-DAD,Popular,730,674670,552004,74,1,Vietjet,com.vietjetair.vietjetair,vietjetair://flight?origin=CXR&destination=DAD,Vietjet,1488151528,vietjetair://flight?origin=CXR&destination=DAD,Vietjet,1488151528,vietjetair://flight?origin=CXR&destination=DAD,Vietjet,1488151528,vietjetair://flight?origin=CXR&destination=DAD,,,,Nha Trang,Đà Nẵng,vietjet,domestic,1.0,1.0,1.0,1.0,1.0
PQC-SGN,in stock,https://ductoamk.github.io/vietjet-ads/images/PQC-SGN.jpg?v=2,Vietjet,PQC,SGN,Phú Quốc đến TP. Hồ Chí Minh,1096225.00 VND,,,https://www.vietjetair.com/vi/select-flight,1096225.00 VND,2,Domestic,Vietjet Air,2.500 SkyPoints,PQC-SGN,Popular,320,602923,493302,98,1,Vietjet,com.vietjetair.vietjetair,vietjetair://flight?origin=PQC&destination=SGN,Vietjet,1488151528,vietjetair://flight?origin=PQC&destination=SGN,Vietjet,1488151528,vietjetair://flight?origin=PQC&destination=SGN,Vietjet,1488151528,vietjetair://flight?origin=PQC&destination=SGN,,,,Phú Quốc,TP. Hồ Chí Minh,vietjet,domestic,1.0,1.0,1.0,1.0,1.0
PQC-HAN,in stock,https://ductoamk.github.io/vietjet-ads/images/PQC-HAN.jpg?v=2,Vietjet,PQC,HAN,Phú Quốc đến Hà Nội,1040074.00 VND,,,https://www.vietjetair.com/vi/select-flight,1040074.00 VND,2,Domestic,Vietjet Air,7.000 SkyPoints,PQC-HAN,Promo,306,572040,468034,72,1,Vietjet,com.vietjetair.vietjetair,vietjetair://flight?origin=PQC&destination=HAN,Vietjet,1488151528,vietjetair://flight?origin=PQC&destination=HAN,Vietjet,1488151528,vietjetair://flight?origin=PQC&destination=HAN,Vietjet,1488151528,vietjetair://flight?origin=PQC&destination=HAN,,,,Phú Quốc,Hà Nội,vietjet,domestic,1.0,1.0,1.0,1.0,1.0
PQC-DAD,in stock,https://ductoamk.github.io/vietjet-ads/images/PQC-DAD.jpg?v=2,Vietjet,PQC,DAD,Phú Quốc đến Đà Nẵng,994465.00 VND,,,https://www.vietjetair.com/vi/select-flight,994465.00 VND,2,Domestic,Vietjet Air,5.000 SkyPoints,PQC-DAD,Popular,729,546955,447510,84,1,Vietjet,com.vietjetair.vietjetair,vietjetair://flight?origin=PQC&destination=DAD,Vietjet,1488151528,vietjetair://flight?origin=PQC&destination=DAD,Vietjet,1488151528,vietjetair://flight?origin=PQC&destination=DAD,Vietjet,1488151528,vietjetair://flight?origin=PQC&destination=DAD,,,,Phú Quốc,Đà Nẵng,vietjet,domestic,1.0,1.0,1.0,1.0,1.0
HPH-SGN,in stock,https://ductoamk.github.io/vietjet-ads/images/HPH-SGN.jpg?v=2,Vietjet,HPH,SGN,Hải Phòng đến TP. Hồ Chí Minh,1076330.00 VND,,,https://www.vietjetair.com/vi/select-flight,1076330.00 VND,2,Domestic,Vietjet Air,5.000 SkyPoints,HPH-SGN,Promo,525,591981,484349,81,1,Vietjet,com.vietjetair.vietjetair,vietjetair://flight?origin=HPH&destination=SGN,Vietjet,1488151528,vietjetair://flight?origin=HPH&destination=SGN,Vietjet,1488151528,vietjetair://flight?origin=HPH&destination=SGN,Vietjet,1488151528,vietjetair://flight?origin=HPH&destination=SGN,,,,Hải Phòng,TP. Hồ Chí Minh,vietjet,domestic,1.0,1.0,1.0,1.0,1.0
HPH-DAD,in stock,https://ductoamk.github.io/vietjet-ads/images/HPH-DAD.jpg?v=2,Vietjet,HPH,DAD,Hải Phòng đến Đà Nẵng,1140682.00 VND,,,https://www.vietjetair.com/vi/select-flight,1140682.00 VND,2,Domestic,Vietjet Air,5.000 SkyPoints,HPH-DAD,Promo,714,627375,513307,96,1,Vietjet,com.vietjetair.vietjetair,vietjetair://flight?origin=HPH&destination=DAD,Vietjet,1488151528,vietjetair://flight?origin=HPH&destination=DAD,Vietjet,1488151528,vietjetair://flight?origin=HPH&destination=DAD,Vietjet,1488151528,vietjetair://flight?origin=HPH&destination=DAD,,,,Hải Phòng,Đà Nẵng,vietjet,domestic,1.0,1.0,1.0,1.0,1.0
VCA-HAN,in stock,https://ductoamk.github.io/vietjet-ads/images/VCA-HAN.jpg?v=2,Vietjet,VCA,HAN,Cần Thơ đến Hà Nội,1265491.00 VND,,,https://www.vietjetair.com/vi/select-flight,1265491.00 VND,2,Domestic,Vietjet Air,7.000 SkyPoints,VCA-HAN,Popular,703,696020,569471,87,1,Vietjet,com.vietjetair.vietjetair,vietjetair://flight?origin=VCA&destination=HAN,Vietjet,1488151528,vietjetair://flight?origin=VCA&destination=HAN,Vietjet,1488151528,vietjetair://flight?origin=VCA&destination=HAN,Vietjet,1488151528,vietjetair://flight?origin=VCA&destination=HAN,,,,Cần Thơ,Hà Nội,vietjet,domestic,1.0,1.0,1.0,1.0,1.0
VCA-DAD,in stock,https://ductoamk.github.io/vietjet-ads/images/VCA-DAD.jpg?v=2,Vietjet,VCA,DAD,Cần Thơ đến Đà Nẵng,804209.00 VND,,,https://www.vietjetair.com/vi/select-flight,804209.00 VND,2,Domestic,Vietjet Air,5.000 SkyPoints,VCA-DAD,Popular,385,442314,361895,91,1,Vietjet,com.vietjetair.vietjetair,vietjetair://flight?origin=VCA&destination=DAD,Vietjet,1488151528,vietjetair://flight?origin=VCA&destination=DAD,Vietjet,1488151528,vietjetair://flight?origin=VCA&destination=DAD,Vietjet,1488151528,vietjetair://flight?origin=VCA&destination=DAD,,,,Cần Thơ,Đà Nẵng,vietjet,domestic,1.0,1.0,1.0,1.0,1.0
VII-SGN,in stock,https://ductoamk.github.io/vietjet-ads/images/VII-SGN.jpg?v=2,Vietjet,VII,SGN,Vinh đến TP. Hồ Chí Minh,1244479.00 VND,,,https://www.vietjetair.com/vi/select-flight,1244479.00 VND,2,Domestic,Vietjet Air,5.000 SkyPoints,VII-SGN,Promo,772,684463,560016,61,1,Vietjet,com.vietjetair.vietjetair,vietjetair://flight?origin=VII&destination=SGN,Vietjet,1488151528,vietjetair://flight?origin=VII&destination=SGN,Vietjet,1488151528,vietjetair://flight?origin=VII&destination=SGN,Vietjet,1488151528,vietjetair://flight?origin=VII&destination=SGN,,,,Vinh,TP. Hồ Chí Minh,vietjet,domestic,1.0,1.0,1.0,1.0,1.0
HUI-SGN,in stock,https://ductoamk.github.io/vietjet-ads/images/HUI-SGN.jpg?v=2,Vietjet,HUI,SGN,Huế đến TP. Hồ Chí Minh,1226167.00 VND,,,https://www.vietjetair.com/vi/select-flight,1226167.00 VND,2,Domestic,Vietjet Air,5.000 SkyPoints,HUI-SGN,Popular,731,674391,551776,66,1,Vietjet,com.vietjetair.vietjetair,vietjetair://flight?origin=HUI&destination=SGN,Vietjet,1488151528,vietjetair://flight?origin=HUI&destination=SGN,Vietjet,1488151528,vietjetair://flight?origin=HUI&destination=SGN,Vietjet,1488151528,vietjetair://flight?origin=HUI&destination=SGN,,,,Huế,TP. Hồ Chí Minh,vietjet,domestic,1.0,1.0,1.0,1.0,1.0
HUI-HAN,in stock,https://ductoamk.github.io/vietjet-ads/images/HUI-HAN.jpg?v=2,Vietjet,HUI,HAN,Huế đến Hà Nội,1036576.00 VND,,,https://www.vietjetair.com/vi/select-flight,1036576.00 VND,2,Domestic,Vietjet Air,5.000 SkyPoints,HUI-HAN,Popular,319,570116,466460,97,1,Vietjet,com.vietjetair.vietjetair,vietjetair://flight?origin=HUI&destination=HAN,Vietjet,1488151528,vietjetair://flight?origin=HUI&destination=HAN,Vietjet,1488151528,vietjetair://flight?origin=HUI&destination=HAN,Vietjet,1488151528,vietjetair://flight?origin=HUI&destination=HAN,,,,Huế,Hà Nội,vietjet,domestic,1.0,1.0,1.0,1.0,1.0
UIH-SGN,in stock,https://ductoamk.github.io/vietjet-ads/images/UIH-SGN.jpg?v=2,Vietjet,UIH,SGN,Quy Nhơn đến TP. Hồ Chí Minh,1199591.00 VND,,,https://www.vietjetair.com/vi/select-flight,1199591.00 VND,2,Domestic,Vietjet Air,5.000 SkyPoints,UIH-SGN,Promo,341,659775,539816,98,1,Vietjet,com.vietjetair.vietjetair,vietjetair://flight?origin=UIH&destination=SGN,Vietjet,1488151528,vietjetair://flight?origin=UIH&destination=SGN,Vietjet,1488151528,vietjetair://flight?origin=UIH&destination=SGN,Vietjet,1488151528,vietjetair://flight?origin=UIH&destination=SGN,,,,Quy Nhơn,TP. Hồ Chí Minh,vietjet,domestic,1.0,1.0,1.0,1.0,1.0
UIH-HAN,in stock,https://ductoamk.github.io/vietjet-ads/images/UIH-HAN.jpg?v=2,Vietjet,UIH,HAN,Quy Nhơn đến Hà Nội,919647.00 VND,,,https://www.vietjetair.com/vi/select-flight,919647.00 VND,2,Domestic,Vietjet Air,5.000 SkyPoints,UIH-HAN,Popular,504,505805,413842,51,1,Vietjet,com.vietjetair.vietjetair,vietjetair://flight?origin=UIH&destination=HAN,Vietjet,1488151528,vietjetair://flight?origin=UIH&destination=HAN,Vietjet,1488151528,vietjetair://flight?origin=UIH&destination=HAN,Vietjet,1488151528,vietjetair://flight?origin=UIH&destination=HAN,,,,Quy Nhơn,Hà Nội,vietjet,domestic,1.0,1.0,1.0,1.0,1.0
BMV-SGN,in stock,https://ductoamk.github.io/vietjet-ads/images/BMV-SGN.jpg?v=2,Vietjet,BMV,SGN,Buôn Ma Thuột đến TP. Hồ Chí Minh,1085682.00 VND,,,https://www.vietjetair.com/vi/select-flight,1085682.00 VND,2,Domestic,Vietjet Air,2.500 SkyPoints,BMV-SGN,Popular,523,597125,488557,79,1,Vietjet,com.vietjetair.vietjetair,vietjetair://flight?origin=BMV&destination=SGN,Vietjet,1488151528,vietjetair://flight?origin=BMV&destination=SGN,Vietjet,1488151528,vietjetair://flight?origin=BMV&destination=SGN,Vietjet,1488151528,vietjetair://flight?origin=BMV&destination=SGN,,,,Buôn Ma Thuột,TP. Hồ Chí Minh,vietjet,domestic,1.0,1.0,1.0,1.0,1.0
BMV-HAN,in stock,https://ductoamk.github.io/vietjet-ads/images/BMV-HAN.jpg?v=2,Vietjet,BMV,HAN,Buôn Ma Thuột đến Hà Nội,1192075.00 VND,,,https://www.vietjetair.com/vi/select-flight,1192075.00 VND,2,Domestic,Vietjet Air,5.000 SkyPoints,BMV-HAN,Popular,677,655641,536434,60,1,Vietjet,com.vietjetair.vietjetair,vietjetair://flight?origin=BMV&destination=HAN,Vietjet,1488151528,vietjetair://flight?origin=BMV&destination=HAN,Vietjet,1488151528,vietjetair://flight?origin=BMV&destination=HAN,Vietjet,1488151528,vietjetair://flight?origin=BMV&destination=HAN,,,,Buôn Ma Thuột,Hà Nội,vietjet,domestic,1.0,1.0,1.0,1.0,1.0
PXU-SGN,in stock,https://ductoamk.github.io/vietjet-ads/images/PXU-SGN.jpg?v=2,Vietjet,PXU,SGN,Pleiku đến TP. Hồ Chí Minh,953073.00 VND,,,https://www.vietjetair.com/vi/select-flight,953073.00 VND,2,Domestic,Vietjet Air,2.500 SkyPoints,PXU-SGN,Promo,410,524190,428883,87,1,Vietjet,com.vietjetair.vietjetair,vietjetair://flight?origin=PXU&destination=SGN,Vietjet,1488151528,vietjetair://flight?origin=PXU&destination=SGN,Vietjet,1488151528,vietjetair://flight?origin=PXU&destination=SGN,Vietjet,1488151528,vietjetair://flight?origin=PXU&destination=SGN,,,,Pleiku,TP. Hồ Chí Minh,vietjet,domestic,1.0,1.0,1.0,1.0,1.0
PXU-HAN,in stock,https://ductoamk.github.io/vietjet-ads/images/PXU-HAN.jpg?v=2,Vietjet,PXU,HAN,Pleiku đến Hà Nội,953555.00 VND,,,https://www.vietjetair.com/vi/select-flight,953555.00 VND,2,Domestic,Vietjet Air,5.000 SkyPoints,PXU-HAN,Popular,889,524455,429100,93,1,Vietjet,com.vietjetair.vietjetair,vietjetair://flight?origin=PXU&destination=HAN,Vietjet,1488151528,vietjetair://flight?origin=PXU&destination=HAN,Vietjet,1488151528,vietjetair://flight?origin=PXU&destination=HAN,Vietjet,1488151528,vietjetair://flight?origin=PXU&destination=HAN,,,,Pleiku,Hà Nội,vietjet,domestic,1.0,1.0,1.0,1.0,1.0
VCL-SGN,in stock,https://ductoamk.github.io/vietjet-ads/images/VCL-SGN.jpg?v=2,Vietjet,VCL,SGN,Chu Lai đến TP. Hồ Chí Minh,1100429.00 VND,,,https://www.vietjetair.com/vi/select-flight,1100429.00 VND,2,Domestic,Vietjet Air,5.000 SkyPoints,VCL-SGN,Popular,548,605235,495194,56,1,Vietjet,com.vietjetair.vietjetair,vietjetair://flight?origin=VCL&destination=SGN,Vietjet,1488151528,vietjetair://flight?origin=VCL&destination=SGN,Vietjet,1488151528,vietjetair://flight?origin=VCL&destination=SGN,Vietjet,1488151528,vietjetair://flight?origin=VCL&destination=SGN,,,,Chu Lai,TP. Hồ Chí Minh,vietjet,domestic,1.0,1.0,1.0,1.0,1.0
TBB-SGN,in stock,https://ductoamk.github.io/vietjet-ads/images/TBB-SGN.jpg?v=2,Vietjet,TBB,SGN,Tuy Hòa đến TP. Hồ Chí Minh,1136827.00 VND,,,https://www.vietjetair.com/vi/select-flight,1136827.00 VND,2,Domestic,Vietjet Air,2.500 SkyPoints,TBB-SGN,Popular,679,625254,511573,54,1,Vietjet,com.vietjetair.vietjetair,vietjetair://flight?origin=TBB&destination=SGN,Vietjet,1488151528,vietjetair://flight?origin=TBB&destination=SGN,Vietjet,1488151528,vietjetair://flight?origin=TBB&destination=SGN,Vietjet,1488151528,vietjetair://flight?origin=TBB&destination=SGN,,,,Tuy Hòa,TP. Hồ Chí Minh,vietjet,domestic,1.0,1.0,1.0,1.0,1.0
TBB-HAN,in stock,https://ductoamk.github.io/vietjet-ads/images/TBB-HAN.jpg?v=2,Vietjet,TBB,HAN,Tuy Hòa đến Hà Nội,968903.00 VND,,,https://www.vietjetair.com/vi/select-flight,968903.00 VND,2,Domestic,Vietjet Air,5.000 SkyPoints,TBB-HAN,Popular,312,532896,436007,76,1,Vietjet,com.vietjetair.vietjetair,vietjetair://flight?origin=TBB&destination=HAN,Vietjet,1488151528,vietjetair://flight?origin=TBB&destination=HAN,Vietjet,1488151528,vietjetair://flight?origin=TBB&destination=HAN,Vietjet,1488151528,vietjetair://flight?origin=TBB&destination=HAN,,,,Tuy Hòa,Hà Nội,vietjet,domestic,1.0,1.0,1.0,1.0,1.0
VDO-SGN,in stock,https://ductoamk.github.io/vietjet-ads/images/VDO-SGN.jpg?v=2,Vietjet,VDO,SGN,Vân Đồn đến TP. Hồ Chí Minh,1224481.00 VND,,,https://www.vietjetair.com/vi/select-flight,1224481.00 VND,2,Domestic,Vietjet Air,7.000 SkyPoints,VDO-SGN,Promo,770,673464,551017,95,1,Vietjet,com.vietjetair.vietjetair,vietjetair://flight?origin=VDO&destination=SGN,Vietjet,1488151528,vietjetair://flight?origin=VDO&destination=SGN,Vietjet,1488151528,vietjetair://flight?origin=VDO&destination=SGN,Vietjet,1488151528,vietjetair://flight?origin=VDO&destination=SGN,,,,Vân Đồn,TP. Hồ Chí Minh,vietjet,domestic,1.0,1.0,1.0,1.0,1.0
THD-SGN,in stock,https://ductoamk.github.io/vietjet-ads/images/THD-SGN.jpg?v=2,Vietjet,THD,SGN,Thanh Hóa đến TP. Hồ Chí Minh,1018366.00 VND,,,https://www.vietjetair.com/vi/select-flight,1018366.00 VND,2,Domestic,Vietjet Air,5.000 SkyPoints,THD-SGN,Popular,574,560101,458265,70,1,Vietjet,com.vietjetair.vietjetair,vietjetair://flight?origin=THD&destination=SGN,Vietjet,1488151528,vietjetair://flight?origin=THD&destination=SGN,Vietjet,1488151528,vietjetair://flight?origin=THD&destination=SGN,Vietjet,1488151528,vietjetair://flight?origin=THD&destination=SGN,,,,Thanh Hóa,TP. Hồ Chí Minh,vietjet,domestic,1.0,1.0,1.0,1.0,1.0
VDH-SGN,in stock,https://ductoamk.github.io/vietjet-ads/images/VDH-SGN.jpg?v=2,Vietjet,VDH,SGN,Đồng Hới đến TP. Hồ Chí Minh,988699.00 VND,,,https://www.vietjetair.com/vi/select-flight,988699.00 VND,2,Domestic,Vietjet Air,5.000 SkyPoints,VDH-SGN,Popular,644,543784,444915,51,1,Vietjet,com.vietjetair.vietjetair,vietjetair://flight?origin=VDH&destination=SGN,Vietjet,1488151528,vietjetair://flight?origin=VDH&destination=SGN,Vietjet,1488151528,vietjetair://flight?origin=VDH&destination=SGN,Vietjet,1488151528,vietjetair://flight?origin=VDH&destination=SGN,,,,Đồng Hới,TP. Hồ Chí Minh,vietjet,domestic,1.0,1.0,1.0,1.0,1.0
VDH-HAN,in stock,https://ductoamk.github.io/vietjet-ads/images/VDH-HAN.jpg?v=2,Vietjet,VDH,HAN,Đồng Hới đến Hà Nội,960401.00 VND,,,https://www.vietjetair.com/vi/select-flight,960401.00 VND,2,Domestic,Vietjet Air,2.500 SkyPoints,VDH-HAN,Promo,486,528220,432181,81,1,Vietjet,com.vietjetair.vietjetair,vietjetair://flight?origin=VDH&destination=HAN,Vietjet,1488151528,vietjetair://flight?origin=VDH&destination=HAN,Vietjet,1488151528,vietjetair://flight?origin=VDH&destination=HAN,Vietjet,1488151528,vietjetair://flight?origin=VDH&destination=HAN,,,,Đồng Hới,Hà Nội,vietjet,domestic,1.0,1.0,1.0,1.0,1.0
VCA-HPH,in stock,https://ductoamk.github.io/vietjet-ads/images/VCA-HPH.jpg?v=2,Vietjet,VCA,HPH,Cần Thơ đến Hải Phòng,1026199.00 VND,,,https://www.vietjetair.com/vi/select-flight,1026199.00 VND,2,Domestic,Vietjet Air,7.000 SkyPoints,VCA-HPH,Popular,753,564409,461790,69,1,Vietjet,com.vietjetair.vietjetair,vietjetair://flight?origin=VCA&destination=HPH,Vietjet,1488151528,vietjetair://flight?origin=VCA&destination=HPH,Vietjet,1488151528,vietjetair://flight?origin=VCA&destination=HPH,Vietjet,1488151528,vietjetair://flight?origin=VCA&destination=HPH,,,,Cần Thơ,Hải Phòng,vietjet,domestic,1.0,1.0,1.0,1.0,1.0
HPH-VCA,in stock,https://ductoamk.github.io/vietjet-ads/images/HPH-VCA.jpg?v=2,Vietjet,HPH,VCA,Hải Phòng đến Cần Thơ,1018529.00 VND,,,https://www.vietjetair.com/vi/select-flight,1018529.00 VND,2,Domestic,Vietjet Air,7.000 SkyPoints,HPH-VCA,Popular,803,560190,458339,55,1,Vietjet,com.vietjetair.vietjetair,vietjetair://flight?origin=HPH&destination=VCA,Vietjet,1488151528,vietjetair://flight?origin=HPH&destination=VCA,Vietjet,1488151528,vietjetair://flight?origin=HPH&destination=VCA,Vietjet,1488151528,vietjetair://flight?origin=HPH&destination=VCA,,,,Hải Phòng,Cần Thơ,vietjet,domestic,1.0,1.0,1.0,1.0,1.0
HPH-CXR,in stock,https://ductoamk.github.io/vietjet-ads/images/HPH-CXR.jpg?v=2,Vietjet,HPH,CXR,Hải Phòng đến Nha Trang,954897.00 VND,,,https://www.vietjetair.com/vi/select-flight,954897.00 VND,2,Domestic,Vietjet Air,5.000 SkyPoints,HPH-CXR,Promo,558,525193,429704,70,1,Vietjet,com.vietjetair.vietjetair,vietjetair://flight?origin=HPH&destination=CXR,Vietjet,1488151528,vietjetair://flight?origin=HPH&destination=CXR,Vietjet,1488151528,vietjetair://flight?origin=HPH&destination=CXR,Vietjet,1488151528,vietjetair://flight?origin=HPH&destination=CXR,,,,Hải Phòng,Nha Trang,vietjet,domestic,1.0,1.0,1.0,1.0,1.0
VCA-VII,in stock,https://ductoamk.github.io/vietjet-ads/images/VCA-VII.jpg?v=2,Vietjet,VCA,VII,Cần Thơ đến Vinh,1205442.00 VND,,,https://www.vietjetair.com/vi/select-flight,1205442.00 VND,2,Domestic,Vietjet Air,5.000 SkyPoints,VCA-VII,Popular,455,662993,542449,81,1,Vietjet,com.vietjetair.vietjetair,vietjetair://flight?origin=VCA&destination=VII,Vietjet,1488151528,vietjetair://flight?origin=VCA&destination=VII,Vietjet,1488151528,vietjetair://flight?origin=VCA&destination=VII,Vietjet,1488151528,vietjetair://flight?origin=VCA&destination=VII,,,,Cần Thơ,Vinh,vietjet,domestic,1.0,1.0,1.0,1.0,1.0
VII-BMV,in stock,https://ductoamk.github.io/vietjet-ads/images/VII-BMV.jpg?v=2,Vietjet,VII,BMV,Vinh đến Buôn Ma Thuột,825872.00 VND,,,https://www.vietjetair.com/vi/select-flight,825872.00 VND,2,Domestic,Vietjet Air,5.000 SkyPoints,VII-BMV,Popular,540,454229,371643,90,1,Vietjet,com.vietjetair.vietjetair,vietjetair://flight?origin=VII&destination=BMV,Vietjet,1488151528,vietjetair://flight?origin=VII&destination=BMV,Vietjet,1488151528,vietjetair://flight?origin=VII&destination=BMV,Vietjet,1488151528,vietjetair://flight?origin=VII&destination=BMV,,,,Vinh,Buôn Ma Thuột,vietjet,domestic,1.0,1.0,1.0,1.0,1.0
HPH-BMV,in stock,https://ductoamk.github.io/vietjet-ads/images/HPH-BMV.jpg?v=2,Vietjet,HPH,BMV,Hải Phòng đến Buôn Ma Thuột,996870.00 VND,,,https://www.vietjetair.com/vi/select-flight,996870.00 VND,2,Domestic,Vietjet Air,5.000 SkyPoints,HPH-BMV,Popular,314,548278,448592,66,1,Vietjet,com.vietjetair.vietjetair,vietjetair://flight?origin=HPH&destination=BMV,Vietjet,1488151528,vietjetair://flight?origin=HPH&destination=BMV,Vietjet,1488151528,vietjetair://flight?origin=HPH&destination=BMV,Vietjet,1488151528,vietjetair://flight?origin=HPH&destination=BMV,,,,Hải Phòng,Buôn Ma Thuột,vietjet,domestic,1.0,1.0,1.0,1.0,1.0
HPH-PQC,in stock,https://ductoamk.github.io/vietjet-ads/images/HPH-PQC.jpg?v=2,Vietjet,HPH,PQC,Hải Phòng đến Phú Quốc,809509.00 VND,,,https://www.vietjetair.com/vi/select-flight,809509.00 VND,2,Domestic,Vietjet Air,7.000 SkyPoints,HPH-PQC,Promo,611,445229,364280,81,1,Vietjet,com.vietjetair.vietjetair,vietjetair://flight?origin=HPH&destination=PQC,Vietjet,1488151528,vietjetair://flight?origin=HPH&destination=PQC,Vietjet,1488151528,vietjetair://flight?origin=HPH&destination=PQC,Vietjet,1488151528,vietjetair://flight?origin=HPH&destination=PQC,,,,Hải Phòng,Phú Quốc,vietjet,domestic,1.0,1.0,1.0,1.0,1.0
HAN-KIX,in stock,https://ductoamk.github.io/vietjet-ads/images/HAN-KIX.jpg?v=2,Vietjet,HAN,KIX,Hà Nội đến Osaka,4467267.00 VND,,,https://www.vietjetair.com/vi/select-flight,4467267.00 VND,1,International,Vietjet Air,12.500 SkyPoints,HAN-KIX,Popular,3500,2456996,2010271,300,1,Vietjet,com.vietjetair.vietjetair,vietjetair://flight?origin=HAN&destination=KIX,Vietjet,1488151528,vietjetair://flight?origin=HAN&destination=KIX,Vietjet,1488151528,vietjetair://flight?origin=HAN&destination=KIX,Vietjet,1488151528,vietjetair://flight?origin=HAN&destination=KIX,,,,Hà Nội,Osaka,vietjet,international,1.0,1.0,1.0,1.0,1.0
TPE-SGN,in stock,https://ductoamk.github.io/vietjet-ads/images/TPE-SGN.jpg?v=2,Vietjet,TPE,SGN,Taipei đến TP. Hồ Chí Minh,1626306.00 VND,,,https://www.vietjetair.com/vi/select-flight,1626306.00 VND,2,International,Vietjet Air,10.000 SkyPoints,TPE-SGN,Popular,1200,894468,731838,120,1,Vietjet,com.vietjetair.vietjetair,vietjetair://flight?origin=TPE&destination=SGN,Vietjet,1488151528,vietjetair://flight?origin=TPE&destination=SGN,Vietjet,1488151528,vietjetair://flight?origin=TPE&destination=SGN,Vietjet,1488151528,vietjetair://flight?origin=TPE&destination=SGN,,,,Taipei,TP. Hồ Chí Minh,vietjet,international,1.0,1.0,1.0,1.0,1.0
KIX-HAN,in stock,https://ductoamk.github.io/vietjet-ads/images/KIX-HAN.jpg?v=2,Vietjet,KIX,HAN,Osaka đến Hà Nội,3598129.00 VND,,,https://www.vietjetair.com/vi/select-flight,3598129.00 VND,1,International,Vietjet Air,12.500 SkyPoints,KIX-HAN,Promo,3500,1978970,1619159,300,1,Vietjet,com.vietjetair.vietjetair,vietjetair://flight?origin=KIX&destination=HAN,Vietjet,1488151528,vietjetair://flight?origin=KIX&destination=HAN,Vietjet,1488151528,vietjetair://flight?origin=KIX&destination=HAN,Vietjet,1488151528,vietjetair://flight?origin=KIX&destination=HAN,,,,Osaka,Hà Nội,vietjet,international,1.0,1.0,1.0,1.0,1.0
SGN-KUL,in stock,https://ductoamk.github.io/vietjet-ads/images/SGN-KUL.jpg?v=2,Vietjet,SGN,KUL,TP. Hồ Chí Minh đến Kuala Lumpur,2271886.00 VND,,,https://www.vietjetair.com/vi/select-flight,2271886.00 VND,1,International,Vietjet Air,5.000 SkyPoints,SGN-KUL,Promo,1200,1249537,1022349,120,1,Vietjet,com.vietjetair.vietjetair,vietjetair://flight?origin=SGN&destination=KUL,Vietjet,1488151528,vietjetair://flight?origin=SGN&destination=KUL,Vietjet,1488151528,vietjetair://flight?origin=SGN&destination=KUL,Vietjet,1488151528,vietjetair://flight?origin=SGN&destination=KUL,,,,TP. Hồ Chí Minh,Kuala Lumpur,vietjet,international,1.0,1.0,1.0,1.0,1.0
PUS-SGN,in stock,https://ductoamk.github.io/vietjet-ads/images/PUS-SGN.jpg?v=2,Vietjet,PUS,SGN,Busan đến TP. Hồ Chí Minh,5642676.00 VND,,,https://www.vietjetair.com/vi/select-flight,5642676.00 VND,1,International,Vietjet Air,12.500 SkyPoints,PUS-SGN,Popular,3500,3103471,2539205,300,1,Vietjet,com.vietjetair.vietjetair,vietjetair://flight?origin=PUS&destination=SGN,Vietjet,1488151528,vietjetair://flight?origin=PUS&destination=SGN,Vietjet,1488151528,vietjetair://flight?origin=PUS&destination=SGN,Vietjet,1488151528,vietjetair://flight?origin=PUS&destination=SGN,,,,Busan,TP. Hồ Chí Minh,vietjet,international,1.0,1.0,1.0,1.0,1.0
SGN-ICN,in stock,https://ductoamk.github.io/vietjet-ads/images/SGN-ICN.jpg?v=2,Vietjet,SGN,ICN,TP. Hồ Chí Minh đến Seoul,3745120.00 VND,,,https://www.vietjetair.com/vi/select-flight,3745120.00 VND,1,International,Vietjet Air,12.500 SkyPoints,SGN-ICN,Popular,3500,2059816,1685304,300,1,Vietjet,com.vietjetair.vietjetair,vietjetair://flight?origin=SGN&destination=ICN,Vietjet,1488151528,vietjetair://flight?origin=SGN&destination=ICN,Vietjet,1488151528,vietjetair://flight?origin=SGN&destination=ICN,Vietjet,1488151528,vietjetair://flight?origin=SGN&destination=ICN,,,,TP. Hồ Chí Minh,Seoul,vietjet,international,1.0,1.0,1.0,1.0,1.0
ICN-DAD,in stock,https://ductoamk.github.io/vietjet-ads/images/ICN-DAD.jpg?v=2,Vietjet,ICN,DAD,Seoul đến Đà Nẵng,3942824.00 VND,,,https://www.vietjetair.com/vi/select-flight,3942824.00 VND,1,International,Vietjet Air,12.500 SkyPoints,ICN-DAD,Popular,3500,2168553,1774271,300,1,Vietjet,com.vietjetair.vietjetair,vietjetair://flight?origin=ICN&destination=DAD,Vietjet,1488151528,vietjetair://flight?origin=ICN&destination=DAD,Vietjet,1488151528,vietjetair://flight?origin=ICN&destination=DAD,Vietjet,1488151528,vietjetair://flight?origin=ICN&destination=DAD,,,,Seoul,Đà Nẵng,vietjet,international,1.0,1.0,1.0,1.0,1.0
BOM-HAN,in stock,https://ductoamk.github.io/vietjet-ads/images/BOM-HAN.jpg?v=2,Vietjet,BOM,HAN,Mumbai đến Hà Nội,3301078.00 VND,,,https://www.vietjetair.com/vi/select-flight,3301078.00 VND,1,International,Vietjet Air,12.500 SkyPoints,BOM-HAN,Promo,3200,1815592,1485486,270,1,Vietjet,com.vietjetair.vietjetair,vietjetair://flight?origin=BOM&destination=HAN,Vietjet,1488151528,vietjetair://flight?origin=BOM&destination=HAN,Vietjet,1488151528,vietjetair://flight?origin=BOM&destination=HAN,Vietjet,1488151528,vietjetair://flight?origin=BOM&destination=HAN,,,,Mumbai,Hà Nội,vietjet,international,1.0,1.0,1.0,1.0,1.0
SGN-SIN,in stock,https://ductoamk.github.io/vietjet-ads/images/SGN-SIN.jpg?v=2,Vietjet,SGN,SIN,TP. Hồ Chí Minh đến Singapore,2103799.00 VND,,,https://www.vietjetair.com/vi/select-flight,2103799.00 VND,1,International,Vietjet Air,7.000 SkyPoints,SGN-SIN,Popular,1200,1157089,946710,120,1,Vietjet,com.vietjetair.vietjetair,vietjetair://flight?origin=SGN&destination=SIN,Vietjet,1488151528,vietjetair://flight?origin=SGN&destination=SIN,Vietjet,1488151528,vietjetair://flight?origin=SGN&destination=SIN,Vietjet,1488151528,vietjetair://flight?origin=SGN&destination=SIN,,,,TP. Hồ Chí Minh,Singapore,vietjet,international,1.0,1.0,1.0,1.0,1.0
DEL-HAN,in stock,https://ductoamk.github.io/vietjet-ads/images/DEL-HAN.jpg?v=2,Vietjet,DEL,HAN,New Delhi đến Hà Nội,4050217.00 VND,,,https://www.vietjetair.com/vi/select-flight,4050217.00 VND,1,International,Vietjet Air,12.500 SkyPoints,DEL-HAN,Popular,3200,2227619,1822598,270,1,Vietjet,com.vietjetair.vietjetair,vietjetair://flight?origin=DEL&destination=HAN,Vietjet,1488151528,vietjetair://flight?origin=DEL&destination=HAN,Vietjet,1488151528,vietjetair://flight?origin=DEL&destination=HAN,Vietjet,1488151528,vietjetair://flight?origin=DEL&destination=HAN,,,,New Delhi,Hà Nội,vietjet,international,1.0,1.0,1.0,1.0,1.0
PUS-DAD,in stock,https://ductoamk.github.io/vietjet-ads/images/PUS-DAD.jpg?v=2,Vietjet,PUS,DAD,Busan đến Đà Nẵng,3905984.00 VND,,,https://www.vietjetair.com/vi/select-flight,3905984.00 VND,1,International,Vietjet Air,12.500 SkyPoints,PUS-DAD,Popular,3500,2148291,1757693,300,1,Vietjet,com.vietjetair.vietjetair,vietjetair://flight?origin=PUS&destination=DAD,Vietjet,1488151528,vietjetair://flight?origin=PUS&destination=DAD,Vietjet,1488151528,vietjetair://flight?origin=PUS&destination=DAD,Vietjet,1488151528,vietjetair://flight?origin=PUS&destination=DAD,,,,Busan,Đà Nẵng,vietjet,international,1.0,1.0,1.0,1.0,1.0
SGN-HKG,in stock,https://ductoamk.github.io/vietjet-ads/images/SGN-HKG.jpg?v=2,Vietjet,SGN,HKG,TP. Hồ Chí Minh đến Hong Kong,2172535.00 VND,,,https://www.vietjetair.com/vi/select-flight,2172535.00 VND,1,International,Vietjet Air,7.000 SkyPoints,SGN-HKG,Popular,1200,1194894,977641,120,1,Vietjet,com.vietjetair.vietjetair,vietjetair://flight?origin=SGN&destination=HKG,Vietjet,1488151528,vietjetair://flight?origin=SGN&destination=HKG,Vietjet,1488151528,vietjetair://flight?origin=SGN&destination=HKG,Vietjet,1488151528,vietjetair://flight?origin=SGN&destination=HKG,,,,TP. Hồ Chí Minh,Hong Kong,vietjet,international,1.0,1.0,1.0,1.0,1.0
ICN-HAN,in stock,https://ductoamk.github.io/vietjet-ads/images/ICN-HAN.jpg?v=2,Vietjet,ICN,HAN,Seoul đến Hà Nội,5802467.00 VND,,,https://www.vietjetair.com/vi/select-flight,5802467.00 VND,1,International,Vietjet Air,12.500 SkyPoints,ICN-HAN,Popular,3500,3191356,2611111,300,1,Vietjet,com.vietjetair.vietjetair,vietjetair://flight?origin=ICN&destination=HAN,Vietjet,1488151528,vietjetair://flight?origin=ICN&destination=HAN,Vietjet,1488151528,vietjetair://flight?origin=ICN&destination=HAN,Vietjet,1488151528,vietjetair://flight?origin=ICN&destination=HAN,,,,Seoul,Hà Nội,vietjet,international,1.0,1.0,1.0,1.0,1.0
SGN-PUS,in stock,https://ductoamk.github.io/vietjet-ads/images/SGN-PUS.jpg?v=2,Vietjet,SGN,PUS,TP. Hồ Chí Minh đến Busan,4391872.00 VND,,,https://www.vietjetair.com/vi/select-flight,4391872.00 VND,1,International,Vietjet Air,12.500 SkyPoints,SGN-PUS,Popular,3500,2415529,1976343,300,1,Vietjet,com.vietjetair.vietjetair,vietjetair://flight?origin=SGN&destination=PUS,Vietjet,1488151528,vietjetair://flight?origin=SGN&destination=PUS,Vietjet,1488151528,vietjetair://flight?origin=SGN&destination=PUS,Vietjet,1488151528,vietjetair://flight?origin=SGN&destination=PUS,,,,TP. Hồ Chí Minh,Busan,vietjet,international,1.0,1.0,1.0,1.0,1.0
DEL-SGN,in stock,https://ductoamk.github.io/vietjet-ads/images/DEL-SGN.jpg?v=2,Vietjet,DEL,SGN,New Delhi đến TP. Hồ Chí Minh,4852461.00 VND,,,https://www.vietjetair.com/vi/select-flight,4852461.00 VND,1,International,Vietjet Air,12.500 SkyPoints,DEL-SGN,Promo,3200,2668853,2183608,270,1,Vietjet,com.vietjetair.vietjetair,vietjetair://flight?origin=DEL&destination=SGN,Vietjet,1488151528,vietjetair://flight?origin=DEL&destination=SGN,Vietjet,1488151528,vietjetair://flight?origin=DEL&destination=SGN,Vietjet,1488151528,vietjetair://flight?origin=DEL&destination=SGN,,,,New Delhi,TP. Hồ Chí Minh,vietjet,international,1.0,1.0,1.0,1.0,1.0
DPS-SGN,in stock,https://ductoamk.github.io/vietjet-ads/images/DPS-SGN.jpg?v=2,Vietjet,DPS,SGN,Bali đến TP. Hồ Chí Minh,1845395.00 VND,,,https://www.vietjetair.com/vi/select-flight,1845395.00 VND,2,International,Vietjet Air,10.000 SkyPoints,DPS-SGN,Popular,1200,1014967,830428,120,1,Vietjet,com.vietjetair.vietjetair,vietjetair://flight?origin=DPS&destination=SGN,Vietjet,1488151528,vietjetair://flight?origin=DPS&destination=SGN,Vietjet,1488151528,vietjetair://flight?origin=DPS&destination=SGN,Vietjet,1488151528,vietjetair://flight?origin=DPS&destination=SGN,,,,Bali,TP. Hồ Chí Minh,vietjet,international,1.0,1.0,1.0,1.0,1.0
MEL-SGN,in stock,https://ductoamk.github.io/vietjet-ads/images/MEL-SGN.jpg?v=2,Vietjet,MEL,SGN,Melbourne đến TP. Hồ Chí Minh,6388818.00 VND,,,https://www.vietjetair.com/vi/select-flight,6388818.00 VND,1,International,Vietjet Air,14.500 SkyPoints,MEL-SGN,Popular,6000,3513849,2874969,480,1,Vietjet,com.vietjetair.vietjetair,vietjetair://flight?origin=MEL&destination=SGN,Vietjet,1488151528,vietjetair://flight?origin=MEL&destination=SGN,Vietjet,1488151528,vietjetair://flight?origin=MEL&destination=SGN,Vietjet,1488151528,vietjetair://flight?origin=MEL&destination=SGN,,,,Melbourne,TP. Hồ Chí Minh,vietjet,international,1.0,1.0,1.0,1.0,1.0
HAN-BOM,in stock,https://ductoamk.github.io/vietjet-ads/images/HAN-BOM.jpg?v=2,Vietjet,HAN,BOM,Hà Nội đến Mumbai,4430368.00 VND,,,https://www.vietjetair.com/vi/select-flight,4430368.00 VND,1,International,Vietjet Air,12.500 SkyPoints,HAN-BOM,Popular,3200,2436702,1993666,270,1,Vietjet,com.vietjetair.vietjetair,vietjetair://flight?origin=HAN&destination=BOM,Vietjet,1488151528,vietjetair://flight?origin=HAN&destination=BOM,Vietjet,1488151528,vietjetair://flight?origin=HAN&destination=BOM,Vietjet,1488151528,vietjetair://flight?origin=HAN&destination=BOM,,,,Hà Nội,Mumbai,vietjet,international,1.0,1.0,1.0,1.0,1.0
TPE-HAN,in stock,https://ductoamk.github.io/vietjet-ads/images/TPE-HAN.jpg?v=2,Vietjet,TPE,HAN,Taipei đến Hà Nội,2073397.00 VND,,,https://www.vietjetair.com/vi/select-flight,2073397.00 VND,1,International,Vietjet Air,7.000 SkyPoints,TPE-HAN,Promo,1200,1140368,933029,120,1,Vietjet,com.vietjetair.vietjetair,vietjetair://flight?origin=TPE&destination=HAN,Vietjet,1488151528,vietjetair://flight?origin=TPE&destination=HAN,Vietjet,1488151528,vietjetair://flight?origin=TPE&destination=HAN,Vietjet,1488151528,vietjetair://flight?origin=TPE&destination=HAN,,,,Taipei,Hà Nội,vietjet,international,1.0,1.0,1.0,1.0,1.0
CGK-SGN,in stock,https://ductoamk.github.io/vietjet-ads/images/CGK-SGN.jpg?v=2,Vietjet,CGK,SGN,Jakarta đến TP. Hồ Chí Minh,2192559.00 VND,,,https://www.vietjetair.com/vi/select-flight,2192559.00 VND,1,International,Vietjet Air,10.000 SkyPoints,CGK-SGN,Promo,1200,1205907,986652,120,1,Vietjet,com.vietjetair.vietjetair,vietjetair://flight?origin=CGK&destination=SGN,Vietjet,1488151528,vietjetair://flight?origin=CGK&destination=SGN,Vietjet,1488151528,vietjetair://flight?origin=CGK&destination=SGN,Vietjet,1488151528,vietjetair://flight?origin=CGK&destination=SGN,,,,Jakarta,TP. Hồ Chí Minh,vietjet,international,1.0,1.0,1.0,1.0,1.0
DAD-PUS,in stock,https://ductoamk.github.io/vietjet-ads/images/DAD-PUS.jpg?v=2,Vietjet,DAD,PUS,Đà Nẵng đến Busan,3705780.00 VND,,,https://www.vietjetair.com/vi/select-flight,3705780.00 VND,1,International,Vietjet Air,12.500 SkyPoints,DAD-PUS,Popular,3500,2038179,1667601,300,1,Vietjet,com.vietjetair.vietjetair,vietjetair://flight?origin=DAD&destination=PUS,Vietjet,1488151528,vietjetair://flight?origin=DAD&destination=PUS,Vietjet,1488151528,vietjetair://flight?origin=DAD&destination=PUS,Vietjet,1488151528,vietjetair://flight?origin=DAD&destination=PUS,,,,Đà Nẵng,Busan,vietjet,international,1.0,1.0,1.0,1.0,1.0
SIN-HAN,in stock,https://ductoamk.github.io/vietjet-ads/images/SIN-HAN.jpg?v=2,Vietjet,SIN,HAN,Singapore đến Hà Nội,2119575.00 VND,,,https://www.vietjetair.com/vi/select-flight,2119575.00 VND,1,International,Vietjet Air,10.000 SkyPoints,SIN-HAN,Popular,1200,1165766,953809,120,1,Vietjet,com.vietjetair.vietjetair,vietjetair://flight?origin=SIN&destination=HAN,Vietjet,1488151528,vietjetair://flight?origin=SIN&destination=HAN,Vietjet,1488151528,vietjetair://flight?origin=SIN&destination=HAN,Vietjet,1488151528,vietjetair://flight?origin=SIN&destination=HAN,,,,Singapore,Hà Nội,vietjet,international,1.0,1.0,1.0,1.0,1.0
BOM-SGN,in stock,https://ductoamk.github.io/vietjet-ads/images/BOM-SGN.jpg?v=2,Vietjet,BOM,SGN,Mumbai đến TP. Hồ Chí Minh,4001224.00 VND,,,https://www.vietjetair.com/vi/select-flight,4001224.00 VND,1,International,Vietjet Air,12.500 SkyPoints,BOM-SGN,Promo,3200,2200673,1800551,270,1,Vietjet,com.vietjetair.vietjetair,vietjetair://flight?origin=BOM&destination=SGN,Vietjet,1488151528,vietjetair://flight?origin=BOM&destination=SGN,Vietjet,1488151528,vietjetair://flight?origin=BOM&destination=SGN,Vietjet,1488151528,vietjetair://flight?origin=BOM&destination=SGN,,,,Mumbai,TP. Hồ Chí Minh,vietjet,international,1.0,1.0,1.0,1.0,1.0
NRT-HAN,in stock,https://ductoamk.github.io/vietjet-ads/images/NRT-HAN.jpg?v=2,Vietjet,NRT,HAN,Tokyo đến Hà Nội,3943900.00 VND,,,https://www.vietjetair.com/vi/select-flight,3943900.00 VND,1,International,Vietjet Air,12.500 SkyPoints,NRT-HAN,Popular,3500,2169145,1774755,300,1,Vietjet,com.vietjetair.vietjetair,vietjetair://flight?origin=NRT&destination=HAN,Vietjet,1488151528,vietjetair://flight?origin=NRT&destination=HAN,Vietjet,1488151528,vietjetair://flight?origin=NRT&destination=HAN,Vietjet,1488151528,vietjetair://flight?origin=NRT&destination=HAN,,,,Tokyo,Hà Nội,vietjet,international,1.0,1.0,1.0,1.0,1.0
SGN-CGK,in stock,https://ductoamk.github.io/vietjet-ads/images/SGN-CGK.jpg?v=2,Vietjet,SGN,CGK,TP. Hồ Chí Minh đến Jakarta,2073286.00 VND,,,https://www.vietjetair.com/vi/select-flight,2073286.00 VND,1,International,Vietjet Air,10.000 SkyPoints,SGN-CGK,Popular,1200,1140307,932979,120,1,Vietjet,com.vietjetair.vietjetair,vietjetair://flight?origin=SGN&destination=CGK,Vietjet,1488151528,vietjetair://flight?origin=SGN&destination=CGK,Vietjet,1488151528,vietjetair://flight?origin=SGN&destination=CGK,Vietjet,1488151528,vietjetair://flight?origin=SGN&destination=CGK,,,,TP. Hồ Chí Minh,Jakarta,vietjet,international,1.0,1.0,1.0,1.0,1.0
